<?xml version="1.0" encoding="UTF-8"?>

<widgets xmlns:xsi="http://www.w3.org/2001/XMLSchema-instance" xsi:noNamespaceSchemaLocation="urn:magento:module:Magento_Widget:etc/widget.xsd">
    <widget id="pinamondo_imagebox" class="Pinamondo\Bannerslider\Block\Widget\Imagebox"  placeholder_image="Pinamondo_Bannerslider::images/widget_im.png">
        <label translate="true">Pinamondo Imagebox Widget</label>
        <description>Pinamondo Imagebox Widget</description>
        <parameters>
            <parameter name="boxtype" xsi:type="select" source_model="Pinamondo\Bannerslider\Model\Config\Source\BoxType" visible="true" required="true" sort_order="0" >
                <label translate="true">Box type</label>
                <description translate="true">Select the box type. Mainly about it's width.</description>
            </parameter>
            <parameter name="title" xsi:type="text"  visible="true" required="false" sort_order="1" >
                <label translate="true">Title</label>
                <description translate="true">Select the title for the image. For better SEO. Optional.</description>
            </parameter>
            <parameter name="bannersliderid" xsi:type="select" source_model="Pinamondo\Bannerslider\Model\Config\Source\BannersliderId" visible="true" required="false" sort_order="2">
                <label translate="true">Advanced CSS</label>
                <description translate="true">Advanced CSS for this widget. Optional. NOT YET IMPLEMENTED!</description>
            </parameter>
            <parameter name="href" xsi:type="text"  visible="true" required="false" sort_order="3" >
                <label translate="true">URL</label>
                <description translate="true">The URL to activate on image click. Optional.</description>
            </parameter>
            <parameter name="imageurl" xsi:type="select" source_model="Pinamondo\Bannerslider\Model\Config\Source\ImageUrl" visible="true" required="true" sort_order="4" >
                <label translate="true">Image (Media Storage)</label>
                <description translate="true">Select the image. It must be uploaded first in media manager</description>
            </parameter>
            <parameter name="overlayimageurl" xsi:type="select" source_model="Pinamondo\Bannerslider\Model\Config\Source\OverlayImageUrl" visible="true" required="false" sort_order="5" >
                <label translate="true">Overlay Image (Media Storage)</label>
                <description translate="true">The overlay image. Must be uploaded first in media manager. Optional.</description>
            </parameter>
        </parameters>
    </widget>
    <widget id="pinamondo_imageboxstart" class="Pinamondo\Bannerslider\Block\Widget\ImageBoxRow"  placeholder_image="Pinamondo_Bannerslider::images/widget_im.png">
        <label translate="true">Pinamondo ImageBox Row</label>
        <description translate="true">Pinamondo ImageBox Start And End Mark-up. If you are going to use Pinamondo ImageBox Widget, then you have to enclose it (or them) with Start and End Mark-up for them.</description>
        <parameters>
            <parameter name="markType" xsi:type="select" required="true" visible="true">
                <label translate="true">Type</label>
                <description translate="true">Choose mark-up type (Start, or End).</description>
                <options>
                    <option name="start" value="start" selected="true">
                        <label translate="true">ImageBox Row Start Mark-up</label>
                    </option>
                    <option name="end" value="end">
                        <label translate="true">ImageBox Row End Mark-up</label>
                    </option>
                </options>
            </parameter>
        </parameters>
    </widget>
</widgets>