<config xmlns:xsi="http://www.w3.org/2001/XMLSchema-instance" xsi:noNamespaceSchemaLocation="urn:magento:module:Magento_Store:etc/config.xsd">
    <system>
        <tab id="pinamondo" translate="label" sortOrder="50">
            <label>Pinamondo</label>
        </tab>

        <section id="pinamondo" translate="label" type="text" sortOrder="40" showInDefault="1" showInWebsite="1" showInStore="1">
            <label>Listingteaser Config</label>
            <tab>pinamondo</tab>
            <resource>Pinamondo_Listingteaser::listingteaser</resource>

            <group id="general" translate="label" type="text" sortOrder="200" showInDefault="1" showInWebsite="1" showInStore="1">
                <label>General Options</label>
                <field id="listing_iterator_position" translate="label comment" type="text" sortOrder="1" showInDefault="1" showInWebsite="1" showInStore="0">
                    <label>Iterator Position</label>
                    <comment>Minimum iterator value is 2.To disable set it 0</comment>
                </field>
                <field id="listing_teaser_type" translate="label" type="select" sortOrder="2" showInDefault="1" showInWebsite="1" showInStore="1">
                    <label>Teaser Type</label>
                    <source_model>Pinamondo\Listingteaser\Model\Config\Source\Teasertype</source_model>
                </field>
            </group>
        </section>
    </system>
</config>