<?xml version="1.0"?>
<config xmlns:xsi="http://www.w3.org/2001/XMLSchema-instance" xsi:noNamespaceSchemaLocation="urn:magento:framework:Event/etc/events.xsd">
	<event name="checkout_cart_product_add_after">
		<observer name="customprice" instance="Webkul\Preorder\Observer\CustomPrice" />
	</event>
	<event name="checkout_onepage_controller_success_action">
		<observer name="afterplaceorder" instance="Webkul\Preorder\Observer\AfterPlaceOrder" />
	</event>
	<event name="checkout_cart_add_product_complete">
		<observer name="afteraddproducttocart" instance="Webkul\Preorder\Observer\AfterAddProductToCart" />
	</event>
	<event name="checkout_cart_update_items_after">
		<observer name="updatecart" instance="Webkul\Preorder\Observer\UpdateCart" />
	</event>
	<event name="controller_action_predispatch">
		<observer name="router" instance="Webkul\Preorder\Observer\Router" />
	</event>
</config>