<?xml version="1.0"?>
<config xmlns:xsi="http://www.w3.org/2001/XMLSchema-instance" xsi:noNamespaceSchemaLocation="urn:magento:framework:Acl/etc/acl.xsd">
    <acl>
        <resources>
            <resource id="Magento_Backend::admin">
                <resource id="Magento_Backend::content">
                    <resource id="Pinamondo_Seotext::seotext_content" title="Seotext" sortOrder="10" >
                        <resource id="Pinamondo_Seotext::post" title="Seotext Posts" sortOrder="40">
                            <resource id="Pinamondo_Seotext::save" title="Save Seotext Post" sortOrder="10" />
                            <resource id="Pinamondo_Seotext::post_delete" title="Delete Seotext Post" sortOrder="20" />
                        </resource>
                    </resource>
                </resource>
            </resource>
        </resources>
    </acl>
</config>