<?xml version="1.0"?>
<config xmlns:xsi="http://www.w3.org/2001/XMLSchema-instance" xsi:noNamespaceSchemaLocation="urn:magento:framework:ObjectManager/etc/config.xsd">
    <preference for="Pinamondo\Seotext\Api\Data\PostInterface" type="Pinamondo\Seotext\Model\Seotext" />
    <virtualType name="BlogGirdFilterPool" type="Magento\Framework\View\Element\UiComponent\DataProvider\FilterPool">
        <arguments>
            <argument name="appliers" xsi:type="array">
                <item name="regular" xsi:type="object">Magento\Framework\View\Element\UiComponent\DataProvider\RegularFilter</item>
                <item name="fulltext" xsi:type="object">Magento\Framework\View\Element\UiComponent\DataProvider\FulltextFilter</item>
            </argument>
        </arguments>
    </virtualType>
    <virtualType name="PostGridDataProvider" type="Magento\Framework\View\Element\UiComponent\DataProvider\DataProvider">
        <arguments>
            <argument name="collection" xsi:type="object" shared="false">Pinamondo\Seotext\Model\Resource\Seotext\Collection</argument>
            <argument name="filterPool" xsi:type="object" shared="false">BlogGirdFilterPool</argument>
        </arguments>
    </virtualType>
    <virtualType name="Pinamondo\Seotext\Model\ResourceModel\Seotext\Grid\Collection" type="Magento\Framework\View\Element\UiComponent\DataProvider\SearchResult">
        <arguments>
            <argument name="mainTable" xsi:type="string">pinamondo_seotext</argument>
            <argument name="resourceModel" xsi:type="string">Pinamondo\Seotext\Model\ResourceModel\Seotext</argument>
        </arguments>
    </virtualType>
    <type name="Magento\Framework\View\Element\UiComponent\DataProvider\CollectionFactory">
        <arguments>
            <argument name="collections" xsi:type="array">
                <item name="seotext_post_listing_data_source" xsi:type="string">Pinamondo\Seotext\Model\ResourceModel\Seotext\Grid\Collection</item>
            </argument>
        </arguments>
    </type>
</config>