<?xml version="1.0" encoding="UTF-8"?>

<widgets xmlns:xsi="http://www.w3.org/2001/XMLSchema-instance" xsi:noNamespaceSchemaLocation="urn:magento:module:Magento_Widget:etc/widget.xsd">
    <widget id="pinamondo_seotext" class="Pinamondo\Seotext\Block\Widget\SeotextBox">
        <label translate="true">Pinamondo Seotext Widget</label>
        <description>Pinamondo Seotext Widget</description>
        <parameters>
            <parameter name="seotextid" xsi:type="select" source_model="Pinamondo\Seotext\Model\Config\Source\SeotextId" visible="true" required="true" sort_order="1">
                <label translate="true">Name</label>
            </parameter>
        </parameters>
    </widget>
</widgets>