<?xml version="1.0"?>
<config xmlns:xsi="http://www.w3.org/2001/XMLSchema-instance" xsi:noNamespaceSchemaLocation="urn:magento:framework:Acl/etc/acl.xsd">
  <acl>
    <resources>
      <resource id="Magento_Backend::admin">
        <resource id="Magento_Backend::stores">
          <resource id="Magento_Backend::stores_settings">
            <resource id="Magento_Config::config">
              <resource id="Magecheckout_SecureCheckout::config_securecheckout" title="One Step Checkout"/>
            </resource>
          </resource>
        </resource>
        <resource id="Magecheckout_SecureCheckout::admin_securecheckout" title="One Step Checkout" sortOrder="71">
          <resource id="Magecheckout_SecureCheckout::admin_securecheckout_settings" title="Settings" sortOrder="1000"/>
        </resource>
      </resource>
    </resources>
  </acl>
</config>