<?xml version="1.0" encoding="UTF-8"?>
<config xmlns:xsi="http://www.w3.org/2001/XMLSchema-instance" xsi:noNamespaceSchemaLocation="urn:magento:module:Magento_Sales:etc/pdf_file.xsd">
    <totals>
        <total name="giftwrap">
            <title translate="true">Gift Wrap</title>
            <source_field>gift_wrap</source_field>
            <model>Magecheckout\SecureCheckout\Model\Total\Pdf\Giftwrap</model>
            <font_size>7</font_size>
            <display_zero>false</display_zero>
            <sort_order>250</sort_order>
        </total>
    </totals>
</config>
