<?xml version="1.0" encoding="UTF-8"?>
<config xmlns:xsi="http://www.w3.org/2001/XMLSchema-instance" xsi:noNamespaceSchemaLocation="urn:magento:module:Magento_Sales:etc/sales.xsd">
    <section name="quote">
        <group name="totals">
            <item name="giftwrap" instance="Magecheckout\SecureCheckout\Model\Total\Quote\Giftwrap" sort_order="600"/>
        </group>
    </section>
    <section name="order_invoice">
        <group name="totals">
            <item name="giftwrap" instance="Magecheckout\SecureCheckout\Model\Total\Invoice\Giftwrap"
                  sort_order="360"/>
        </group>
    </section>
</config>
