<?xml version="1.0"?>
<config xmlns:xsi="http://www.w3.org/2001/XMLSchema-instance" xsi:noNamespaceSchemaLocation="urn:magento:framework:Acl/etc/acl.xsd">
    <acl>
        <resources>
            <resource id="Magento_Backend::admin">
                <resource id="Magento_Backend::content">
                    <resource id="Pinamondo_Exporter::exporter_content" title="Exporter" sortOrder="10" >
                        <resource id="Pinamondo_Exporter::index" title="Exporters" sortOrder="40">
                            <resource id="Pinamondo_Exporter::save" title="Save Exporter" sortOrder="10" />
                            <resource id="Pinamondo_Exporter::export_delete" title="Delete Exporter" sortOrder="20" />
                        </resource>
                    </resource>
                </resource>
            </resource>
        </resources>
    </acl>
</config>