<?xml version="1.0"?>
<config xmlns:xsi="http://www.w3.org/2001/XMLSchema-instance" xsi:noNamespaceSchemaLocation="urn:magento:framework:ObjectManager/etc/config.xsd">
    <virtualType name="Pinamondo\Exporter\Model\ResourceModel\Exporter\Grid\Collection" type="Magento\Framework\View\Element\UiComponent\DataProvider\SearchResult">
        <arguments>
            <argument name="mainTable" xsi:type="string">pinamondo_exporter</argument>
            <argument name="resourceModel" xsi:type="string">Pinamondo\Exporter\Model\ResourceModel\Exporter</argument>
        </arguments>
    </virtualType>
    <type name="Magento\Framework\View\Element\UiComponent\DataProvider\CollectionFactory">
        <arguments>
            <argument name="collections" xsi:type="array">
                <item name="exporter_index_listing_data_source" xsi:type="string">Pinamondo\Exporter\Model\ResourceModel\Exporter\Grid\Collection</item>
            </argument>
        </arguments>
    </type>
</config>