<?xml version="1.0"?>
<config xmlns:xsi="http://www.w3.org/2001/XMLSchema-instance" xsi:noNamespaceSchemaLocation="urn:magento:module:Magento_Config:etc/system_file.xsd">
	<system>
		<tab id="webkul" translate="label" sortOrder="10">
			<label>Webkul</label>
		</tab>
		<section id="preorder" translate="label" type="text" sortOrder="300" showInDefault="1" showInWebsite="1" showInStore="1">
			<label>Preorder</label>
			<tab>webkul</tab>
			<resource>Webkul_Preorder::config_preorder</resource>
			<group id="settings" translate="label" type="text" sortOrder="1" showInDefault="1" showInWebsite="1" showInStore="1">
				<label>Preorder Settings</label>
				<field id="preorder_type" translate="label comment" sortOrder="0" type="select" showInDefault="1" showInWebsite="0" showInStore="0">
					<label>Preorder Type</label>
					<source_model>Webkul\Preorder\Model\Config\Source\PreorderType</source_model>
				</field>
				<field id="preorder_percent" translate="label comment" sortOrder="15" type="text" showInDefault="1" showInWebsite="0" showInStore="0">
					<label>Preorder Percent</label>
					<depends>
						<field id="preorder_type">1</field>
					</depends>
				</field>
				<field id="preorder_msg" translate="label comment" sortOrder="20" type="textarea" showInDefault="1" showInWebsite="0" showInStore="0">
					<label>Preorder Message</label>
				</field>
				<field id="preorder_email_type" translate="label comment" sortOrder="30" type="select" showInDefault="1" showInWebsite="0" showInStore="0">
					<label>Enable Automatic Email</label>
					<source_model>Magento\Config\Model\Config\Source\Yesno</source_model>
				</field>
				<field id="preorder_email" translate="label comment" sortOrder="35" type="text" showInDefault="1" showInWebsite="0" showInStore="0">
					<label>Store Email Address</label>
				</field>
			</group>
		</section>
	</system>
</config>