<?xml version="1.0"?>
<config xmlns:xsi="http://www.w3.org/2001/XMLSchema-instance" xsi:noNamespaceSchemaLocation="urn:magento:framework:Acl/etc/acl.xsd">
	<acl>
		<resources>
			<resource id="Magento_Backend::admin">
				<resource id="Webkul_Preorder::preorder" title="Pre Order" sortOrder="10">
					<resource id="Webkul_Preorder::menu" title="Menu" sortOrder="10">
						<resource id="Webkul_Preorder::list" title="View Pre Orders" sortOrder="1" />
					</resource>
				</resource>
				<resource id="Magento_Backend::stores">
					<resource id="Magento_Backend::stores_settings">
						<resource id="Magento_Config::config">
							<resource id="Webkul_Preorder::config_preorder" title="Preorder" sortOrder="10" />
						</resource>
					</resource>
				</resource>
			</resource>
		</resources>
	</acl>
</config>