<config xmlns:xsi="http://www.w3.org/2001/XMLSchema-instance" xsi:noNamespaceSchemaLocation="urn:magento:framework:ObjectManager/etc/config.xsd">
	<type name="Magento\Catalog\Model\Product">
		<plugin name="Webkul_Preorder::afterIsSalable" type="Webkul\Preorder\Model\Plugin\Product" sortOrder="1" />
	</type>
	<preference for="Magento\CatalogInventory\Model\Stock\Item" type="Webkul\Preorder\Model\Rewrite\CatalogInventory\Stock\Item" />
	<type name="Magento\Framework\View\Element\UiComponent\DataProvider\CollectionFactory">
		<arguments>
			<argument name="collections" xsi:type="array">
				<item name="preorder_list_list_data_source" xsi:type="string">Webkul\Preorder\Model\ResourceModel\Preorder\Grid\Collection</item>
			</argument>
		</arguments>
	</type>
	<type name="Webkul\Preorder\Model\ResourceModel\Preorder\Grid\Collection">
		<arguments>
			<argument name="mainTable" xsi:type="string">wk_preorder_items</argument>
			<argument name="eventPrefix" xsi:type="string">preorder_preorder_grid_collection</argument>
			<argument name="eventObject" xsi:type="string">preorer_grid_collection</argument>
			<argument name="resourceModel" xsi:type="string">Webkul\Preorder\Model\ResourceModel\Preorder</argument>
		</arguments>
	</type>
	<virtualType name="PreorderGirdFilterPool" type="Magento\Framework\View\Element\UiComponent\DataProvider\FilterPool">
		<arguments>
			<argument name="appliers" xsi:type="array">
				<item name="regular" xsi:type="object">Magento\Framework\View\Element\UiComponent\DataProvider\RegularFilter</item>
				<item name="fulltext" xsi:type="object">Magento\Framework\View\Element\UiComponent\DataProvider\FulltextFilter</item>
			</argument>
		</arguments>
	</virtualType>
	<virtualType name="PreorderGirdFilterPool" type="Magento\Framework\View\Element\UiComponent\DataProvider\DataProvider">
		<arguments>
			<argument name="collection" xsi:type="object" shared="false">Webkul\Preorder\Model\ResourceModel\Preorder\Collection</argument>
			<argument name="filterPool" xsi:type="object" shared="false">PreorderGirdFilterPool</argument>
		</arguments>
	</virtualType>
</config>